{"name":"paises","identifier":"PK7X4CYY7X","description":null,"slotTypeValues":[{"synonyms":null,"sampleValue":{"value":"EUA"}},{"synonyms":null,"sampleValue":{"value":"França"}},{"synonyms":null,"sampleValue":{"value":"Reino Unido"}},{"synonyms":null,"sampleValue":{"value":"Índia"}},{"synonyms":null,"sampleValue":{"value":"Coreia do Sul"}},{"synonyms":null,"sampleValue":{"value":"Brasil"}},{"synonyms":null,"sampleValue":{"value":"Austrália"}}],"parentSlotTypeSignature":null,"valueSelectionSetting":{"resolutionStrategy":"ORIGINAL_VALUE","regexFilter":null}}