{"name":"ano","identifier":"FAKNJK3JCR","description":null,"slotTypeValues":[{"synonyms":null,"sampleValue":{"value":"2010"}},{"synonyms":null,"sampleValue":{"value":"1992"}},{"synonyms":null,"sampleValue":{"value":"2001"}},{"synonyms":null,"sampleValue":{"value":"1990"}},{"synonyms":null,"sampleValue":{"value":"2000"}},{"synonyms":null,"sampleValue":{"value":"2012"}},{"synonyms":null,"sampleValue":{"value":"2023"}},{"synonyms":null,"sampleValue":{"value":"2024"}}],"parentSlotTypeSignature":null,"valueSelectionSetting":{"resolutionStrategy":"ORIGINAL_VALUE","regexFilter":null}}