{"name":"nota","identifier":"RD2HYAIM9O","description":null,"slotTypeValues":[{"synonyms":null,"sampleValue":{"value":"7"}},{"synonyms":null,"sampleValue":{"value":"8.5"}},{"synonyms":null,"sampleValue":{"value":"9"}},{"synonyms":null,"sampleValue":{"value":"10"}},{"synonyms":null,"sampleValue":{"value":"5"}},{"synonyms":null,"sampleValue":{"value":"6"}},{"synonyms":null,"sampleValue":{"value":"8"}}],"parentSlotTypeSignature":null,"valueSelectionSetting":{"resolutionStrategy":"ORIGINAL_VALUE","regexFilter":null}}