{"name":"ano","identifier":"6528VGMLVU","description":null,"slotTypeValues":[{"synonyms":null,"sampleValue":{"value":"2010"}},{"synonyms":null,"sampleValue":{"value":"1900"}},{"synonyms":null,"sampleValue":{"value":"1955"}},{"synonyms":null,"sampleValue":{"value":"2005"}},{"synonyms":null,"sampleValue":{"value":"1995"}},{"synonyms":null,"sampleValue":{"value":"2023"}},{"synonyms":null,"sampleValue":{"value":"2022"}}],"parentSlotTypeSignature":null,"valueSelectionSetting":{"resolutionStrategy":"ORIGINAL_VALUE","regexFilter":null}}